1,Sun Oct 17 2021 08:53:48 GMT+0530 (India Standard Time)
2,Sun Oct 17 2021 08:53:56 GMT+0530 (India Standard Time)
1,Sun Oct 17 2021 15:14:33 GMT+0530 (India Standard Time)
2,Sun Oct 17 2021 15:14:40 GMT+0530 (India Standard Time)
3,Sun Oct 17 2021 15:14:42 GMT+0530 (India Standard Time)
1,Sun Oct 17 2021 15:19:10 GMT+0530 (India Standard Time)
2,Sun Oct 17 2021 15:19:14 GMT+0530 (India Standard Time)
3,Sun Oct 17 2021 15:19:18 GMT+0530 (India Standard Time)
4,Sun Oct 17 2021 15:19:21 GMT+0530 (India Standard Time)
5,Sun Oct 17 2021 15:19:26 GMT+0530 (India Standard Time)
1,Sun Oct 17 2021 15:22:24 GMT+0530 (India Standard Time)
2,Sun Oct 17 2021 15:22:32 GMT+0530 (India Standard Time)
1,Sun Oct 17 2021 15:23:39 GMT+0530 (India Standard Time)
1,Sun Oct 17 2021 15:30:09 GMT+0530 (India Standard Time)
2,Sun Oct 17 2021 15:30:15 GMT+0530 (India Standard Time)
3,Sun Oct 17 2021 15:30:17 GMT+0530 (India Standard Time)
1,Sun Oct 17 2021 15:44:09 GMT+0530 (India Standard Time)
2,Sun Oct 17 2021 15:44:16 GMT+0530 (India Standard Time)
1,Sun Oct 17 2021 16:32:43 GMT+0530 (India Standard Time)
2,Sun Oct 17 2021 16:33:22 GMT+0530 (India Standard Time)
1,Sun Oct 17 2021 16:39:40 GMT+0530 (India Standard Time)
2,Sun Oct 17 2021 16:39:44 GMT+0530 (India Standard Time)
3,Sun Oct 17 2021 16:39:49 GMT+0530 (India Standard Time)
4,Sun Oct 17 2021 16:39:54 GMT+0530 (India Standard Time)
5,Sun Oct 17 2021 16:39:56 GMT+0530 (India Standard Time)
6,Sun Oct 17 2021 16:40:05 GMT+0530 (India Standard Time)
7,Sun Oct 17 2021 16:40:08 GMT+0530 (India Standard Time)
1,Sun Oct 17 2021 16:47:30 GMT+0530 (India Standard Time)
2,Sun Oct 17 2021 16:47:36 GMT+0530 (India Standard Time)
3,Sun Oct 17 2021 16:47:38 GMT+0530 (India Standard Time)
4,Sun Oct 17 2021 16:47:41 GMT+0530 (India Standard Time)
5,Sun Oct 17 2021 16:47:45 GMT+0530 (India Standard Time)
6,Sun Oct 17 2021 16:47:48 GMT+0530 (India Standard Time)
7,Sun Oct 17 2021 16:47:51 GMT+0530 (India Standard Time)
8,Sun Oct 17 2021 16:47:57 GMT+0530 (India Standard Time)
9,Sun Oct 17 2021 16:47:59 GMT+0530 (India Standard Time)
10,Sun Oct 17 2021 16:48:01 GMT+0530 (India Standard Time)
11,Sun Oct 17 2021 16:48:04 GMT+0530 (India Standard Time)
12,Sun Oct 17 2021 16:48:16 GMT+0530 (India Standard Time)
1,Sun Oct 17 2021 16:48:27 GMT+0530 (India Standard Time)
2,Sun Oct 17 2021 16:53:04 GMT+0530 (India Standard Time)
3,Sun Oct 17 2021 16:53:07 GMT+0530 (India Standard Time)
1,Sun Oct 17 2021 16:53:17 GMT+0530 (India Standard Time)
2,Sun Oct 17 2021 16:53:23 GMT+0530 (India Standard Time)
3,Sun Oct 17 2021 16:53:45 GMT+0530 (India Standard Time)
4,Sun Oct 17 2021 16:53:57 GMT+0530 (India Standard Time)
5,Sun Oct 17 2021 16:54:15 GMT+0530 (India Standard Time)
1,Sun Oct 17 2021 17:14:31 GMT+0530 (India Standard Time)
2,Sun Oct 17 2021 17:14:39 GMT+0530 (India Standard Time)
